{"errors":[],"warnings":[],"namedChunkGroups":{"app":{"chunks":[16,3],"assets":["webpack-runtime-7c604d39863a0012661d.js","webpack-runtime-7c604d39863a0012661d.js.map","app.261873aa88b257dba542.css","app-1721f8979849e43a3318.js","app-1721f8979849e43a3318.js.map"],"children":{},"childAssets":{}},"component---src-pages-index-tsx":{"chunks":[0,4],"assets":["0-f8d1de5951047cde7efc.js","0-f8d1de5951047cde7efc.js.map","component---src-pages-index-tsx.ff2c09d4a2378fb44671.css","component---src-pages-index-tsx-2b4bcf57d112764ab5b9.js","component---src-pages-index-tsx-2b4bcf57d112764ab5b9.js.map"],"children":{},"childAssets":{}},"component---src-pages-projects-account-management-tsx":{"chunks":[0,1,2,5],"assets":["0-f8d1de5951047cde7efc.js","0-f8d1de5951047cde7efc.js.map","1-3fd6d16c46842137f700.js","1-3fd6d16c46842137f700.js.map","2.218799f83b72432a5d34.css","2-99f870c837bbc9855a95.js","2-99f870c837bbc9855a95.js.map","component---src-pages-projects-account-management-tsx.0941a4153ee02a276939.css","component---src-pages-projects-account-management-tsx-fbacc998a04495ecc9c2.js","component---src-pages-projects-account-management-tsx-fbacc998a04495ecc9c2.js.map"],"children":{},"childAssets":{}},"component---src-pages-projects-craft-beer-tsx":{"chunks":[0,1,2,6],"assets":["0-f8d1de5951047cde7efc.js","0-f8d1de5951047cde7efc.js.map","1-3fd6d16c46842137f700.js","1-3fd6d16c46842137f700.js.map","2.218799f83b72432a5d34.css","2-99f870c837bbc9855a95.js","2-99f870c837bbc9855a95.js.map","component---src-pages-projects-craft-beer-tsx.0941a4153ee02a276939.css","component---src-pages-projects-craft-beer-tsx-6db6a55f676f1bc6c718.js","component---src-pages-projects-craft-beer-tsx-6db6a55f676f1bc6c718.js.map"],"children":{},"childAssets":{}},"component---src-pages-projects-daily-ui-tsx":{"chunks":[0,1,2,7],"assets":["0-f8d1de5951047cde7efc.js","0-f8d1de5951047cde7efc.js.map","1-3fd6d16c46842137f700.js","1-3fd6d16c46842137f700.js.map","2.218799f83b72432a5d34.css","2-99f870c837bbc9855a95.js","2-99f870c837bbc9855a95.js.map","component---src-pages-projects-daily-ui-tsx.c557dce7b40ed0b4571c.css","component---src-pages-projects-daily-ui-tsx-56a14f6d4a7ba832503d.js","component---src-pages-projects-daily-ui-tsx-56a14f6d4a7ba832503d.js.map"],"children":{},"childAssets":{}},"component---src-pages-projects-forget-me-not-tsx":{"chunks":[0,1,2,8],"assets":["0-f8d1de5951047cde7efc.js","0-f8d1de5951047cde7efc.js.map","1-3fd6d16c46842137f700.js","1-3fd6d16c46842137f700.js.map","2.218799f83b72432a5d34.css","2-99f870c837bbc9855a95.js","2-99f870c837bbc9855a95.js.map","component---src-pages-projects-forget-me-not-tsx.c557dce7b40ed0b4571c.css","component---src-pages-projects-forget-me-not-tsx-84fcc29fead34b75f8f3.js","component---src-pages-projects-forget-me-not-tsx-84fcc29fead34b75f8f3.js.map"],"children":{},"childAssets":{}},"component---src-pages-projects-picking-process-tsx":{"chunks":[0,1,2,9],"assets":["0-f8d1de5951047cde7efc.js","0-f8d1de5951047cde7efc.js.map","1-3fd6d16c46842137f700.js","1-3fd6d16c46842137f700.js.map","2.218799f83b72432a5d34.css","2-99f870c837bbc9855a95.js","2-99f870c837bbc9855a95.js.map","component---src-pages-projects-picking-process-tsx.0941a4153ee02a276939.css","component---src-pages-projects-picking-process-tsx-b7c4c05a393484e95173.js","component---src-pages-projects-picking-process-tsx-b7c4c05a393484e95173.js.map"],"children":{},"childAssets":{}},"component---src-pages-projects-roundabout-canada-tsx":{"chunks":[0,1,2,10],"assets":["0-f8d1de5951047cde7efc.js","0-f8d1de5951047cde7efc.js.map","1-3fd6d16c46842137f700.js","1-3fd6d16c46842137f700.js.map","2.218799f83b72432a5d34.css","2-99f870c837bbc9855a95.js","2-99f870c837bbc9855a95.js.map","component---src-pages-projects-roundabout-canada-tsx-de94b337e155672f2f7f.js","component---src-pages-projects-roundabout-canada-tsx-de94b337e155672f2f7f.js.map"],"children":{},"childAssets":{}},"component---src-pages-projects-sales-of-data-tsx":{"chunks":[0,1,2,11],"assets":["0-f8d1de5951047cde7efc.js","0-f8d1de5951047cde7efc.js.map","1-3fd6d16c46842137f700.js","1-3fd6d16c46842137f700.js.map","2.218799f83b72432a5d34.css","2-99f870c837bbc9855a95.js","2-99f870c837bbc9855a95.js.map","component---src-pages-projects-sales-of-data-tsx.c557dce7b40ed0b4571c.css","component---src-pages-projects-sales-of-data-tsx-d461051286f1a928a46b.js","component---src-pages-projects-sales-of-data-tsx-d461051286f1a928a46b.js.map"],"children":{},"childAssets":{}},"component---src-pages-projects-shipment-audit-trail-tsx":{"chunks":[0,1,2,12],"assets":["0-f8d1de5951047cde7efc.js","0-f8d1de5951047cde7efc.js.map","1-3fd6d16c46842137f700.js","1-3fd6d16c46842137f700.js.map","2.218799f83b72432a5d34.css","2-99f870c837bbc9855a95.js","2-99f870c837bbc9855a95.js.map","component---src-pages-projects-shipment-audit-trail-tsx.c557dce7b40ed0b4571c.css","component---src-pages-projects-shipment-audit-trail-tsx-b9600232eed39de6e833.js","component---src-pages-projects-shipment-audit-trail-tsx-b9600232eed39de6e833.js.map"],"children":{},"childAssets":{}},"component---src-pages-projects-t-shirt-tsx":{"chunks":[0,1,2,13],"assets":["0-f8d1de5951047cde7efc.js","0-f8d1de5951047cde7efc.js.map","1-3fd6d16c46842137f700.js","1-3fd6d16c46842137f700.js.map","2.218799f83b72432a5d34.css","2-99f870c837bbc9855a95.js","2-99f870c837bbc9855a95.js.map","component---src-pages-projects-t-shirt-tsx.0941a4153ee02a276939.css","component---src-pages-projects-t-shirt-tsx-25ea5a4ebdcc9d3dbe68.js","component---src-pages-projects-t-shirt-tsx-25ea5a4ebdcc9d3dbe68.js.map"],"children":{},"childAssets":{}},"component---src-pages-projects-tasting-note-tsx":{"chunks":[0,1,2,14],"assets":["0-f8d1de5951047cde7efc.js","0-f8d1de5951047cde7efc.js.map","1-3fd6d16c46842137f700.js","1-3fd6d16c46842137f700.js.map","2.218799f83b72432a5d34.css","2-99f870c837bbc9855a95.js","2-99f870c837bbc9855a95.js.map","component---src-pages-projects-tasting-note-tsx.0941a4153ee02a276939.css","component---src-pages-projects-tasting-note-tsx-e2e40d531df3f8e14e69.js","component---src-pages-projects-tasting-note-tsx-e2e40d531df3f8e14e69.js.map"],"children":{},"childAssets":{}},"component---src-pages-projects-vrulez-tsx":{"chunks":[0,1,2,15],"assets":["0-f8d1de5951047cde7efc.js","0-f8d1de5951047cde7efc.js.map","1-3fd6d16c46842137f700.js","1-3fd6d16c46842137f700.js.map","2.218799f83b72432a5d34.css","2-99f870c837bbc9855a95.js","2-99f870c837bbc9855a95.js.map","component---src-pages-projects-vrulez-tsx.c557dce7b40ed0b4571c.css","component---src-pages-projects-vrulez-tsx-c64a57083f02cbe870ad.js","component---src-pages-projects-vrulez-tsx-c64a57083f02cbe870ad.js.map"],"children":{},"childAssets":{}}},"assetsByChunkName":{"app":["webpack-runtime-7c604d39863a0012661d.js","app.261873aa88b257dba542.css","app-1721f8979849e43a3318.js"],"component---src-pages-index-tsx":["0-f8d1de5951047cde7efc.js","component---src-pages-index-tsx.ff2c09d4a2378fb44671.css","component---src-pages-index-tsx-2b4bcf57d112764ab5b9.js"],"component---src-pages-projects-account-management-tsx":["0-f8d1de5951047cde7efc.js","1-3fd6d16c46842137f700.js","2.218799f83b72432a5d34.css","2-99f870c837bbc9855a95.js","component---src-pages-projects-account-management-tsx.0941a4153ee02a276939.css","component---src-pages-projects-account-management-tsx-fbacc998a04495ecc9c2.js"],"component---src-pages-projects-craft-beer-tsx":["0-f8d1de5951047cde7efc.js","1-3fd6d16c46842137f700.js","2.218799f83b72432a5d34.css","2-99f870c837bbc9855a95.js","component---src-pages-projects-craft-beer-tsx.0941a4153ee02a276939.css","component---src-pages-projects-craft-beer-tsx-6db6a55f676f1bc6c718.js"],"component---src-pages-projects-daily-ui-tsx":["0-f8d1de5951047cde7efc.js","1-3fd6d16c46842137f700.js","2.218799f83b72432a5d34.css","2-99f870c837bbc9855a95.js","component---src-pages-projects-daily-ui-tsx.c557dce7b40ed0b4571c.css","component---src-pages-projects-daily-ui-tsx-56a14f6d4a7ba832503d.js"],